Customer_ID,Customer_Name,City,Customer_Segment,Customer_Rating,Region
C001,Customer_001,Chennai,Consumer,4.6,South
C002,Customer_002,Kochi,Consumer,4.8,South
C003,Customer_003,Delhi,Small Business,3.1,North
C004,Customer_004,Pune,Small Business,4.0,West
C005,Customer_005,Pune,Small Business,3.0,West
C006,Customer_006,Kochi,Small Business,4.3,South
C007,Customer_007,Chennai,Consumer,3.4,South
C008,Customer_008,Delhi,Small Business,4.3,North
C009,Customer_009,Bengaluru,Consumer,4.4,South
C010,Customer_010,Chennai,Consumer,4.5,South
C011,Customer_011,Mumbai,Small Business,3.0,West
C012,Customer_012,Coimbatore,Consumer,4.8,South
C013,Customer_013,Delhi,Small Business,3.3,North
C014,Customer_014,Kochi,Small Business,2.9,South
C015,Customer_015,Delhi,Small Business,4.0,North
C016,Customer_016,Kochi,Small Business,3.6,South
C017,Customer_017,Mumbai,Small Business,4.6,West
C018,Customer_018,Bengaluru,Consumer,4.6,South
C019,Customer_019,Kochi,Consumer,3.5,South
C020,Customer_020,Pune,Consumer,4.9,West
C021,Customer_021,Mumbai,Consumer,3.4,West
C022,Customer_022,Hyderabad,Consumer,3.9,South
C023,Customer_023,Bengaluru,Enterprise,3.4,South
C024,Customer_024,Coimbatore,Consumer,4.9,South
C025,Customer_025,Kochi,Consumer,3.2,South
C026,Customer_026,Delhi,Consumer,2.9,North
C027,Customer_027,Pune,Consumer,3.8,West
C028,Customer_028,Kochi,Small Business,5.0,South
C029,Customer_029,Mumbai,Small Business,4.8,West
C030,Customer_030,Pune,Small Business,4.4,West
C031,Customer_031,Pune,Small Business,4.8,West
C032,Customer_032,Bengaluru,Consumer,4.8,South
C033,Customer_033,Chennai,Small Business,3.9,South
C034,Customer_034,Mumbai,Consumer,3.5,West
C035,Customer_035,Coimbatore,Consumer,4.5,South
C036,Customer_036,Chennai,Consumer,4.3,South
C037,Customer_037,Kochi,Small Business,3.6,South
C038,Customer_038,Kochi,Consumer,3.0,South
C039,Customer_039,Hyderabad,Consumer,4.4,South
C040,Customer_040,Delhi,Consumer,3.4,North
C041,Customer_041,Bengaluru,Consumer,4.9,South
C042,Customer_042,Kochi,Small Business,3.3,South
C043,Customer_043,Delhi,Consumer,3.1,North
C044,Customer_044,Hyderabad,Consumer,4.6,South
C045,Customer_045,Chennai,Consumer,3.1,South
C046,Customer_046,Coimbatore,Small Business,3.2,South
C047,Customer_047,Pune,Consumer,4.1,West
C048,Customer_048,Coimbatore,Consumer,4.7,South
C049,Customer_049,Delhi,Consumer,3.2,North
C050,Customer_050,Kochi,Enterprise,3.5,South
C051,Customer_051,Kochi,Enterprise,4.5,South
C052,Customer_052,Bengaluru,Small Business,4.9,South
C053,Customer_053,Hyderabad,Consumer,3.9,South
C054,Customer_054,Pune,Enterprise,3.1,West
C055,Customer_055,Pune,Small Business,2.8,West
C056,Customer_056,Chennai,Small Business,3.3,South
C057,Customer_057,Mumbai,Consumer,3.1,West
C058,Customer_058,Bengaluru,Consumer,4.3,South
C059,Customer_059,Delhi,Consumer,3.1,North
C060,Customer_060,Delhi,Enterprise,3.9,North
C061,Customer_061,Coimbatore,Consumer,4.3,South
C062,Customer_062,Delhi,Consumer,4.1,North
C063,Customer_063,Hyderabad,Consumer,3.2,South
C064,Customer_064,Coimbatore,Small Business,4.6,South
C065,Customer_065,Pune,Consumer,4.4,West
C066,Customer_066,Hyderabad,Enterprise,4.4,South
C067,Customer_067,Coimbatore,Small Business,3.1,South
C068,Customer_068,Hyderabad,Small Business,3.1,South
C069,Customer_069,Chennai,Consumer,4.8,South
C070,Customer_070,Pune,Small Business,3.7,West
C071,Customer_071,Kochi,Small Business,3.5,South
C072,Customer_072,Bengaluru,Small Business,3.9,South
C073,Customer_073,Pune,Consumer,4.3,West
C074,Customer_074,Bengaluru,Consumer,4.9,South
C075,Customer_075,Delhi,Consumer,3.4,North
C076,Customer_076,Pune,Consumer,4.8,West
C077,Customer_077,Hyderabad,Consumer,2.9,South
C078,Customer_078,Bengaluru,Consumer,4.0,South
C079,Customer_079,Mumbai,Consumer,4.2,West
C080,Customer_080,Delhi,Small Business,3.0,North
C081,Customer_081,Coimbatore,Consumer,3.1,South
C082,Customer_082,Pune,Enterprise,3.7,West
C083,Customer_083,Bengaluru,Small Business,4.9,South
C084,Customer_084,Kochi,Consumer,4.1,South
C085,Customer_085,Delhi,Small Business,4.9,North
C086,Customer_086,Delhi,Consumer,4.6,North
C087,Customer_087,Chennai,Enterprise,3.8,South
C088,Customer_088,Hyderabad,Consumer,4.5,South
C089,Customer_089,Kochi,Small Business,2.8,South
C090,Customer_090,Kochi,Consumer,3.0,South
C091,Customer_091,Pune,Consumer,4.6,West
C092,Customer_092,Kochi,Consumer,4.6,South
C093,Customer_093,Kochi,Enterprise,3.3,South
C094,Customer_094,Pune,Small Business,4.0,West
C095,Customer_095,Coimbatore,Consumer,4.1,South
C096,Customer_096,Hyderabad,Consumer,4.7,South
C097,Customer_097,Bengaluru,Consumer,4.1,South
C098,Customer_098,Delhi,Consumer,3.7,North
C099,Customer_099,Delhi,Consumer,3.6,North
C100,Customer_100,Bengaluru,Consumer,3.7,South
