Order_ID,Order_Date,Customer_ID,Product_ID,Quantity,Discount,Salesperson,Payment_Mode
Q4O0001,2026-05-04,C081,P011,7,0.0,Arun,Credit Card
Q4O0002,2026-09-27,C074,P006,1,0.0,Priya,Net Banking
Q4O0003,2026-12-21,C056,P005,3,0.0,Meena,UPI
Q4O0004,2026-11-25,C089,P007,4,0.1,Meena,Credit Card
Q4O0005,2026-06-16,C013,P012,6,0.0,Arun,Net Banking
Q4O0006,2026-08-04,C093,P005,1,0.15,Karthik,Net Banking
Q4O0007,2026-08-25,C086,P019,4,0.15,Karthik,Credit Card
Q4O0008,2026-06-09,C051,P010,2,0.15,Karthik,Debit Card
Q4O0009,2026-06-15,C074,P018,6,0.1,Arun,UPI
Q4O0010,2026-06-06,C053,P014,5,0.2,Meena,UPI
Q4O0011,2026-12-30,C027,P007,4,0.0,Karthik,Credit Card
Q4O0012,2026-10-23,C080,P005,3,0.05,Ravi,Net Banking
Q4O0013,2026-11-18,C025,P015,2,0.05,Arun,Debit Card
Q4O0014,2026-11-11,C032,P007,7,0.15,Arun,Credit Card
Q4O0015,2026-12-20,C052,P005,5,0.1,Meena,Credit Card
Q4O0016,2026-05-01,C084,P019,3,0.15,Karthik,UPI
Q4O0017,2026-11-29,C039,P010,3,0.0,Arun,Credit Card
Q4O0018,2026-04-21,C050,P001,6,0.2,Karthik,UPI
Q4O0019,2026-08-10,C005,P010,6,0.05,Priya,UPI
Q4O0020,2026-09-12,C012,P010,4,0.05,Karthik,Debit Card
Q4O0021,2026-07-09,C006,P018,3,0.2,Karthik,UPI
Q4O0022,2026-05-12,C008,P015,5,0.05,Meena,UPI
Q4O0023,2026-05-25,C087,P004,5,0.05,Karthik,Debit Card
Q4O0024,2026-11-14,C085,P004,5,0.1,Arun,Credit Card
Q4O0025,2026-06-29,C083,P013,1,0.0,Meena,Credit Card
Q4O0026,2026-06-26,C006,P001,4,0.05,Meena,UPI
Q4O0027,2026-12-11,C008,P007,5,0.0,Arun,UPI
Q4O0028,2026-05-12,C029,P003,7,0.0,Arun,Credit Card
Q4O0029,2026-12-08,C057,P001,4,0.15,Arun,Debit Card
Q4O0030,2026-12-10,C034,P019,3,0.1,Arun,Credit Card
Q4O0031,2026-09-13,C049,P002,4,0.05,Meena,Debit Card
Q4O0032,2026-05-18,C018,P001,2,0.05,Arun,Debit Card
Q4O0033,2026-05-15,C074,P019,1,0.05,Arun,Credit Card
Q4O0034,2026-06-19,C032,P004,5,0.1,Karthik,Credit Card
Q4O0035,2026-09-07,C007,P017,7,0.15,Arun,Credit Card
Q4O0036,2026-05-14,C075,P001,6,0.15,Arun,UPI
Q4O0037,2026-08-05,C091,P004,5,0.05,Arun,Debit Card
Q4O0038,2026-05-04,C002,P003,1,0.05,Arun,Debit Card
Q4O0039,2026-08-28,C044,P015,7,0.05,Ravi,Credit Card
Q4O0040,2026-04-08,C083,P013,4,0.1,Karthik,Credit Card
Q4O0041,2026-10-13,C071,P010,3,0.05,Priya,Credit Card
Q4O0042,2026-04-18,C086,P005,7,0.1,Ravi,Debit Card
Q4O0043,2026-05-26,C042,P002,6,0.1,Arun,Net Banking
Q4O0044,2026-05-20,C038,P012,6,0.05,Priya,UPI
Q4O0045,2026-11-15,C071,P005,2,0.05,Arun,Credit Card
Q4O0046,2026-04-17,C016,P012,7,0.05,Priya,UPI
Q4O0047,2026-07-29,C024,P014,4,0.0,Ravi,Credit Card
Q4O0048,2026-09-11,C061,P017,4,0.0,Karthik,UPI
Q4O0049,2026-08-21,C067,P010,6,0.1,Meena,Credit Card
Q4O0050,2026-10-05,C012,P001,5,0.05,Priya,Credit Card
Q4O0051,2026-11-08,C051,P006,2,0.0,Ravi,Credit Card
Q4O0052,2026-07-19,C037,P018,3,0.1,Ravi,Credit Card
Q4O0053,2026-11-15,C051,P011,3,0.15,Karthik,Net Banking
Q4O0054,2026-06-28,C096,P013,7,0.05,Priya,Net Banking
Q4O0055,2026-12-27,C008,P010,6,0.15,Ravi,UPI
Q4O0056,2026-08-18,C100,P004,3,0.15,Ravi,Credit Card
Q4O0057,2026-10-20,C045,P018,6,0.1,Priya,Net Banking
Q4O0058,2026-11-27,C078,P016,6,0.1,Meena,Debit Card
Q4O0059,2026-11-05,C043,P020,3,0.0,Arun,UPI
Q4O0060,2026-11-21,C032,P018,3,0.15,Ravi,Debit Card
Q4O0061,2026-08-27,C078,P006,7,0.05,Arun,UPI
Q4O0062,2026-04-14,C069,P006,4,0.15,Arun,UPI
Q4O0063,2026-08-15,C015,P005,2,0.1,Ravi,Debit Card
Q4O0064,2026-05-22,C071,P019,6,0.0,Priya,Debit Card
Q4O0065,2026-12-01,C076,P012,5,0.0,Priya,Net Banking
Q4O0066,2026-06-06,C039,P010,4,0.1,Meena,Credit Card
Q4O0067,2026-06-04,C093,P020,6,0.1,Ravi,Net Banking
Q4O0068,2026-06-10,C065,P013,7,0.0,Arun,Credit Card
Q4O0069,2026-09-25,C034,P019,3,0.1,Priya,Debit Card
Q4O0070,2026-09-05,C002,P020,3,0.15,Meena,UPI
Q4O0071,2026-12-18,C068,P002,2,0.05,Priya,UPI
Q4O0072,2026-07-25,C021,P008,5,0.05,Karthik,Net Banking
Q4O0073,2026-06-19,C076,P015,3,0.0,Priya,Net Banking
Q4O0074,2026-04-16,C053,P017,3,0.15,Meena,Net Banking
Q4O0075,2026-04-04,C047,P003,5,0.05,Karthik,Credit Card
Q4O0076,2026-07-13,C017,P007,3,0.15,Priya,UPI
Q4O0077,2026-12-11,C072,P011,4,0.05,Priya,Net Banking
Q4O0078,2026-08-23,C017,P016,4,0.1,Karthik,Debit Card
Q4O0079,2026-12-02,C042,P003,2,0.05,Karthik,UPI
Q4O0080,2026-04-30,C084,P013,1,0.0,Arun,Net Banking
