Employee_ID,Name,Department,City,Salary,Experience_Years,Status
101,Arun,IT,Chennai,45000,2,Active
102,Priya,HR,Bangalore,40000,3,Active
103,Rahul,IT,Chennai,55000,4,Active
104,Divya,Finance,Hyderabad,50000,5,Active
105,Karthik,Sales,Chennai,38000,1,Active
106,Meena,IT,Bangalore,60000,6,Active
107,Vijay,Finance,Hyderabad,52000,4,Inactive
108,Anitha,HR,Chennai,42000,2,Active
109,Suresh,Sales,Bangalore,47000,3,Active
110,Nisha,IT,Hyderabad,58000,5,Active
111,Ravi,Finance,Chennai,48000,3,Active
112,Lakshmi,HR,Bangalore,43000,4,Inactive
113,Manoj,Sales,Hyderabad,41000,2,Active
114,Swathi,IT,Chennai,62000,7,Active
115,Gokul,Finance,Bangalore,51000,5,Active
116,Pooja,HR,Hyderabad,45000,3,Active
117,Dinesh,Sales,Chennai,39000,1,Inactive
118,Harini,IT,Bangalore,57000,4,Active
119,Mohan,Finance,Hyderabad,53000,6,Active
120,Keerthi,HR,Chennai,44000,2,Active
